metric,value
mae,2.8363428900053083
rmse,4.394850013795989
