metric,value
mae,29.056265470090246
rmse,48.99432893096293
