metric,value
mae,43.578572746189714
rmse,64.30070598427908
mape,0.04529649464991314
