metric,value
mae,0.7800642391607607
rmse,1.2195071828715354
mape,0.03822394452751682
