metric,value
accuracy,0.9754784003666781
f1,0.9791707222114074
