metric,value
mae,4.432709919746438
rmse,8.104633273649663
